thread,path,calls,total_s,avg_s,tpe_s
"47924","[Profiler thread 47924]/taichi::lang::TaichiLLVMContext::get_this_thread_runtime_module",21,0.010725,0.000510714,0
"47924","[Profiler thread 47924]/taichi::lang::TaichiLLVMContext::get_this_thread_runtime_module/taichi::lang::LlvmModuleBitcodeLoader::load",1,0.010664,0.010664,0
"47924","[Profiler thread 47924]/taichi::lang::`anonymous-namespace'::TaskCodeGenCPU::TaskCodeGenCPU",7,9.00001e-06,1.28572e-06,0
"47924","[Profiler thread 47924]/taichi::lang::irpass::offload_to_executable",7,0.018815,0.00268786,0
"47924","[Profiler thread 47924]/taichi::lang::irpass::offload_to_executable/taichi::lang::irpass::analysis::verify",77,0.001963,2.54935e-05,0
"47924","[Profiler thread 47924]/taichi::lang::irpass::offload_to_executable/taichi::lang::irpass::demote_atomics",14,0.000647,4.62143e-05,0
"47924","[Profiler thread 47924]/taichi::lang::irpass::offload_to_executable/taichi::lang::irpass::demote_atomics/taichi::lang::irpass::type_check",14,0.000167,1.19286e-05,0
"47924","[Profiler thread 47924]/taichi::lang::irpass::offload_to_executable/taichi::lang::irpass::cache_loop_invariant_global_vars",7,0.000282,4.02857e-05,0
"47924","[Profiler thread 47924]/taichi::lang::irpass::offload_to_executable/taichi::lang::irpass::type_check",35,0.000418,1.19429e-05,0
"47924","[Profiler thread 47924]/taichi::lang::irpass::offload_to_executable/taichi::lang::irpass::replace_all_usages_with",7,1.4e-05,2.00001e-06,0
"47924","[Profiler thread 47924]/taichi::lang::irpass::offload_to_executable/taichi::lang::irpass::make_thread_local",7,0.000268,3.82857e-05,0
"47924","[Profiler thread 47924]/taichi::lang::irpass::offload_to_executable/taichi::lang::irpass::make_thread_local/taichi::lang::irpass::type_check",7,7.9e-05,1.12857e-05,0
"47924","[Profiler thread 47924]/taichi::lang::irpass::offload_to_executable/taichi::lang::irpass::make_mesh_thread_local",7,8.5e-05,1.21429e-05,0
"47924","[Profiler thread 47924]/taichi::lang::irpass::offload_to_executable/taichi::lang::irpass::make_mesh_thread_local/taichi::lang::irpass::type_check",7,7.5e-05,1.07143e-05,0
"47924","[Profiler thread 47924]/taichi::lang::irpass::offload_to_executable/taichi::lang::irpass::demote_mesh_statements",7,0.000115,1.64286e-05,0
"47924","[Profiler thread 47924]/taichi::lang::irpass::offload_to_executable/taichi::lang::irpass::demote_mesh_statements/taichi::lang::irpass::type_check",7,8.3e-05,1.18571e-05,0
"47924","[Profiler thread 47924]/taichi::lang::irpass::offload_to_executable/taichi::lang::irpass::remove_range_assumption",7,2.7e-05,3.85714e-06,0
"47924","[Profiler thread 47924]/taichi::lang::irpass::offload_to_executable/taichi::lang::irpass::remove_loop_unique",7,3e-05,4.28571e-06,0
"47924","[Profiler thread 47924]/taichi::lang::irpass::offload_to_executable/taichi::lang::irpass::full_simplify",14,0.012487,0.000891929,0
"47924","[Profiler thread 47924]/taichi::lang::irpass::offload_to_executable/taichi::lang::irpass::full_simplify/taichi::lang::irpass::extract_constant",35,0.000274,7.82857e-06,0
"47924","[Profiler thread 47924]/taichi::lang::irpass::offload_to_executable/taichi::lang::irpass::full_simplify/taichi::lang::irpass::unreachable_code_elimination",35,9.19999e-05,2.62857e-06,0
"47924","[Profiler thread 47924]/taichi::lang::irpass::offload_to_executable/taichi::lang::irpass::full_simplify/taichi::lang::irpass::binary_op_simplify",35,0.000306,8.74286e-06,0
"47924","[Profiler thread 47924]/taichi::lang::irpass::offload_to_executable/taichi::lang::irpass::full_simplify/taichi::lang::irpass::binary_op_simplify/taichi::lang::irpass::replace_all_usages_with",7,1.4e-05,2e-06,0
"47924","[Profiler thread 47924]/taichi::lang::irpass::offload_to_executable/taichi::lang::irpass::full_simplify/taichi::lang::irpass::constant_fold",35,0.000489,1.39714e-05,0
"47924","[Profiler thread 47924]/taichi::lang::irpass::offload_to_executable/taichi::lang::irpass::full_simplify/taichi::lang::irpass::constant_fold/taichi::lang::irpass::replace_all_usages_with",56,6.9e-05,1.23214e-06,0
"47924","[Profiler thread 47924]/taichi::lang::irpass::offload_to_executable/taichi::lang::irpass::full_simplify/taichi::lang::irpass::die",105,0.003735,3.55714e-05,0
"47924","[Profiler thread 47924]/taichi::lang::irpass::offload_to_executable/taichi::lang::irpass::full_simplify/taichi::lang::irpass::alg_simp",35,0.000901,2.57429e-05,0
"47924","[Profiler thread 47924]/taichi::lang::irpass::offload_to_executable/taichi::lang::irpass::full_simplify/taichi::lang::irpass::alg_simp/taichi::lang::irpass::replace_all_usages_with",56,6.49999e-05,1.16071e-06,0
"47924","[Profiler thread 47924]/taichi::lang::irpass::offload_to_executable/taichi::lang::irpass::full_simplify/taichi::lang::irpass::loop_invariant_code_motion",14,0.000136,9.71428e-06,0
"47924","[Profiler thread 47924]/taichi::lang::irpass::offload_to_executable/taichi::lang::irpass::full_simplify/taichi::lang::irpass::simplify",35,0.000764,2.18286e-05,0
"47924","[Profiler thread 47924]/taichi::lang::irpass::offload_to_executable/taichi::lang::irpass::full_simplify/taichi::lang::irpass::simplify/taichi::lang::irpass::replace_all_usages_with",28,3.00001e-05,1.07143e-06,0
"47924","[Profiler thread 47924]/taichi::lang::irpass::offload_to_executable/taichi::lang::irpass::full_simplify/taichi::lang::irpass::simplify/taichi::lang::irpass::type_check",28,0.000265,9.46428e-06,0
"47924","[Profiler thread 47924]/taichi::lang::irpass::offload_to_executable/taichi::lang::irpass::full_simplify/taichi::lang::irpass::whole_kernel_cse",14,0.003717,0.0002655,0
"47924","[Profiler thread 47924]/taichi::lang::irpass::offload_to_executable/taichi::lang::irpass::full_simplify/taichi::lang::irpass::whole_kernel_cse/taichi::lang::irpass::replace_all_usages_with",77,8.80001e-05,1.14286e-06,0
"47924","[Profiler thread 47924]/taichi::lang::irpass::offload_to_executable/taichi::lang::irpass::full_simplify/taichi::lang::irpass::cfg_optimization",14,0.001756,0.000125429,0
"47924","[Profiler thread 47924]/taichi::lang::irpass::offload_to_executable/taichi::lang::irpass::full_simplify/taichi::lang::irpass::cfg_optimization/taichi::lang::ControlFlowGraph::store_to_load_forwarding",14,0.000379,2.70714e-05,0
"47924","[Profiler thread 47924]/taichi::lang::irpass::offload_to_executable/taichi::lang::irpass::full_simplify/taichi::lang::irpass::cfg_optimization/taichi::lang::ControlFlowGraph::store_to_load_forwarding/taichi::lang::ControlFlowGraph::reaching_definition_analysis",14,0.000293,2.09286e-05,0
"47924","[Profiler thread 47924]/taichi::lang::irpass::offload_to_executable/taichi::lang::irpass::full_simplify/taichi::lang::irpass::cfg_optimization/taichi::lang::ControlFlowGraph::dead_store_elimination",14,0.000541,3.86429e-05,0
"47924","[Profiler thread 47924]/taichi::lang::irpass::offload_to_executable/taichi::lang::irpass::full_simplify/taichi::lang::irpass::cfg_optimization/taichi::lang::ControlFlowGraph::dead_store_elimination/taichi::lang::ControlFlowGraph::live_variable_analysis",14,0.000235,1.67857e-05,0
"47924","[Profiler thread 47924]/taichi::lang::irpass::offload_to_executable/taichi::lang::irpass::full_simplify/taichi::lang::irpass::cfg_optimization/taichi::lang::irpass::die",14,0.000352,2.51429e-05,0
"47924","[Profiler thread 47924]/taichi::lang::irpass::offload_to_executable/taichi::lang::irpass::die",7,0.000231,3.3e-05,0
"47924","[Profiler thread 47924]/taichi::lang::irpass::offload_to_executable/taichi::lang::irpass::flag_access",7,2.3e-05,3.28572e-06,0
"47924","[Profiler thread 47924]/taichi::lang::irpass::offload_to_executable/taichi::lang::irpass::demote_operations",7,0.000481,6.87143e-05,0
"47924","[Profiler thread 47924]/taichi::lang::irpass::offload_to_executable/taichi::lang::irpass::demote_operations/taichi::lang::irpass::replace_all_usages_with",14,2.3e-05,1.64286e-06,0
"47924","[Profiler thread 47924]/taichi::lang::irpass::offload_to_executable/taichi::lang::irpass::demote_operations/taichi::lang::irpass::type_check",14,0.000214,1.52857e-05,0
"47924","[Profiler thread 47924]/taichi::lang::irpass::offload_to_executable/taichi::lang::irpass::optimize_bit_struct_stores",7,0.000362,5.17143e-05,0
"47924","[Profiler thread 47924]/taichi::lang::irpass::offload_to_executable/taichi::lang::irpass::optimize_bit_struct_stores/taichi::lang::irpass::die",7,0.000196,2.8e-05,0
"47924","[Profiler thread 47924]/taichi::lang::irpass::offload_to_executable/taichi::lang::irpass::scalarize",7,6.2e-05,8.85715e-06,0
"47924","[Profiler thread 47924]/taichi::lang::TaskCodeGenLLVM::emit_to_module",7,0.002235,0.000319286,0
"47924","[Profiler thread 47924]/taichi::lang::TaskCodeGenLLVM::emit_to_module/taichi::lang::TaichiLLVMContext::get_this_thread_runtime_module",168,6.29999e-05,3.75e-07,0
"47924","[Profiler thread 47924]/taichi::lang::TaichiLLVMContext::eliminate_unused_functions",7,0.000452,6.45714e-05,0
"47884","[Profiler thread 47884]/taichi::lang::TaichiLLVMContext::get_this_thread_runtime_module",2,0.013191,0.0065955,0
"47884","[Profiler thread 47884]/taichi::lang::TaichiLLVMContext::get_this_thread_runtime_module/taichi::lang::LlvmModuleBitcodeLoader::load",1,0.013101,0.013101,0
"47884","[Profiler thread 47884]/taichi::lang::TaichiLLVMContext::clone_runtime_module",1,0.013574,0.013574,0
"47884","[Profiler thread 47884]/taichi::lang::TaichiLLVMContext::clone_runtime_module/taichi::lang::TaichiLLVMContext::get_this_thread_runtime_module",1,5.99999e-06,5.99999e-06,0
"47884","[Profiler thread 47884]/taichi::lang::TaichiLLVMContext::clone_runtime_module/clone module",1,0.013496,0.013496,0
"47884","[Profiler thread 47884]/taichi::lang::TaichiLLVMContext::eliminate_unused_functions",1,0.001023,0.001023,0
"47884","[Profiler thread 47884]/taichi::lang::StructCompilerLLVM::run",1,0.000707,0.000707,0
"47884","[Profiler thread 47884]/taichi::lang::StructCompilerLLVM::run/taichi::lang::StructCompilerLLVM::generate_types",3,4.1e-05,1.36667e-05,0
"47884","[Profiler thread 47884]/taichi::lang::StructCompilerLLVM::run/taichi::lang::StructCompilerLLVM::generate_child_accessors",1,0.00016,0.00016,0
"47884","[Profiler thread 47884]/taichi::lang::StructCompilerLLVM::run/taichi::lang::StructCompilerLLVM::generate_child_accessors/taichi::lang::StructCompilerLLVM::generate_refine_coordinates",1,8.9e-05,8.9e-05,0
"47884","[Profiler thread 47884]/taichi::lang::StructCompilerLLVM::run/taichi::lang::StructCompilerLLVM::generate_child_accessors/taichi::lang::StructCompilerLLVM::generate_refine_coordinates/taichi::lang::TaichiLLVMContext::get_this_thread_runtime_module",25,5.00001e-06,2e-07,0
"47884","[Profiler thread 47884]/taichi::lang::StructCompilerLLVM::run/taichi::lang::StructCompilerLLVM::generate_child_accessors/taichi::lang::StructCompilerLLVM::generate_child_accessors",1,6.7e-05,6.7e-05,0
"47884","[Profiler thread 47884]/taichi::lang::StructCompilerLLVM::run/taichi::lang::StructCompilerLLVM::generate_child_accessors/taichi::lang::StructCompilerLLVM::generate_child_accessors/taichi::lang::StructCompilerLLVM::generate_refine_coordinates",1,5.1e-05,5.1e-05,0
"47884","[Profiler thread 47884]/taichi::lang::StructCompilerLLVM::run/taichi::lang::StructCompilerLLVM::generate_child_accessors/taichi::lang::StructCompilerLLVM::generate_child_accessors/taichi::lang::StructCompilerLLVM::generate_refine_coordinates/taichi::lang::TaichiLLVMContext::get_this_thread_runtime_module",25,6.00002e-06,2.40001e-07,0
"47884","[Profiler thread 47884]/taichi::lang::StructCompilerLLVM::run/taichi::lang::StructCompilerLLVM::generate_child_accessors/taichi::lang::StructCompilerLLVM::generate_child_accessors/taichi::lang::StructCompilerLLVM::generate_child_accessors",1,2.99999e-06,2.99999e-06,0
"47884","[Profiler thread 47884]/taichi::lang::StructCompilerLLVM::run/taichi::lang::TaichiLLVMContext::add_struct_module",1,0.000475,0.000475,0
"47884","[Profiler thread 47884]/taichi::lang::Program::compile_kernel",16,0.601678,0.0376049,0
"47884","[Profiler thread 47884]/taichi::lang::Program::compile_kernel/taichi::lang::get_hashed_offline_cache_key",16,0.00868,0.0005425,0
"47884","[Profiler thread 47884]/taichi::lang::Program::compile_kernel/taichi::lang::get_hashed_offline_cache_key/gen_offline_cache_key.body",16,0.003723,0.000232688,0
"47884","[Profiler thread 47884]/taichi::lang::Program::compile_kernel/taichi::lang::irpass::compile_to_offloads",16,0.042928,0.002683,0
"47884","[Profiler thread 47884]/taichi::lang::Program::compile_kernel/taichi::lang::irpass::compile_to_offloads/taichi::lang::irpass::frontend_type_check",16,0.000169,1.05625e-05,0
"47884","[Profiler thread 47884]/taichi::lang::Program::compile_kernel/taichi::lang::irpass::compile_to_offloads/taichi::lang::irpass::lower_ast",16,0.007596,0.00047475,0
"47884","[Profiler thread 47884]/taichi::lang::Program::compile_kernel/taichi::lang::irpass::compile_to_offloads/taichi::lang::irpass::lower_ast/taichi::lang::irpass::replace_all_usages_with",960,0.001254,1.30625e-06,0
"47884","[Profiler thread 47884]/taichi::lang::Program::compile_kernel/taichi::lang::irpass::compile_to_offloads/taichi::lang::irpass::compile_taichi_functions",32,0.000218,6.8125e-06,0
"47884","[Profiler thread 47884]/taichi::lang::Program::compile_kernel/taichi::lang::irpass::compile_to_offloads/taichi::lang::irpass::eliminate_immutable_local_vars",16,0.004675,0.000292187,0
"47884","[Profiler thread 47884]/taichi::lang::Program::compile_kernel/taichi::lang::irpass::compile_to_offloads/taichi::lang::irpass::type_check",32,0.000523,1.63437e-05,0
"47884","[Profiler thread 47884]/taichi::lang::Program::compile_kernel/taichi::lang::irpass::compile_to_offloads/taichi::lang::irpass::analysis::verify",96,0.002288,2.38333e-05,0
"47884","[Profiler thread 47884]/taichi::lang::Program::compile_kernel/taichi::lang::irpass::compile_to_offloads/taichi::lang::irpass::bit_loop_vectorize",16,0.000752,4.7e-05,0
"47884","[Profiler thread 47884]/taichi::lang::Program::compile_kernel/taichi::lang::irpass::compile_to_offloads/taichi::lang::irpass::bit_loop_vectorize/taichi::lang::irpass::die",16,0.00056,3.5e-05,0
"47884","[Profiler thread 47884]/taichi::lang::Program::compile_kernel/taichi::lang::irpass::compile_to_offloads/taichi::lang::irpass::lower_matrix_ptr",16,0.001839,0.000114937,0
"47884","[Profiler thread 47884]/taichi::lang::Program::compile_kernel/taichi::lang::irpass::compile_to_offloads/taichi::lang::irpass::full_simplify",32,0.019739,0.000616844,0
"47884","[Profiler thread 47884]/taichi::lang::Program::compile_kernel/taichi::lang::irpass::compile_to_offloads/taichi::lang::irpass::full_simplify/taichi::lang::irpass::extract_constant",64,0.000419,6.54687e-06,0
"47884","[Profiler thread 47884]/taichi::lang::Program::compile_kernel/taichi::lang::irpass::compile_to_offloads/taichi::lang::irpass::full_simplify/taichi::lang::irpass::unreachable_code_elimination",64,0.000175,2.73437e-06,0
"47884","[Profiler thread 47884]/taichi::lang::Program::compile_kernel/taichi::lang::irpass::compile_to_offloads/taichi::lang::irpass::full_simplify/taichi::lang::irpass::binary_op_simplify",64,0.000337,5.26562e-06,0
"47884","[Profiler thread 47884]/taichi::lang::Program::compile_kernel/taichi::lang::irpass::compile_to_offloads/taichi::lang::irpass::full_simplify/taichi::lang::irpass::constant_fold",64,0.000387,6.04687e-06,0
"47884","[Profiler thread 47884]/taichi::lang::Program::compile_kernel/taichi::lang::irpass::compile_to_offloads/taichi::lang::irpass::full_simplify/taichi::lang::irpass::constant_fold/taichi::lang::irpass::replace_all_usages_with",32,5.40001e-05,1.6875e-06,0
"47884","[Profiler thread 47884]/taichi::lang::Program::compile_kernel/taichi::lang::irpass::compile_to_offloads/taichi::lang::irpass::full_simplify/taichi::lang::irpass::die",192,0.004684,2.43958e-05,0
"47884","[Profiler thread 47884]/taichi::lang::Program::compile_kernel/taichi::lang::irpass::compile_to_offloads/taichi::lang::irpass::full_simplify/taichi::lang::irpass::alg_simp",64,0.001353,2.11406e-05,0
"47884","[Profiler thread 47884]/taichi::lang::Program::compile_kernel/taichi::lang::irpass::compile_to_offloads/taichi::lang::irpass::full_simplify/taichi::lang::irpass::alg_simp/taichi::lang::irpass::replace_all_usages_with",33,3.7e-05,1.12121e-06,0
"47884","[Profiler thread 47884]/taichi::lang::Program::compile_kernel/taichi::lang::irpass::compile_to_offloads/taichi::lang::irpass::full_simplify/taichi::lang::irpass::loop_invariant_code_motion",32,0.000145,4.53125e-06,0
"47884","[Profiler thread 47884]/taichi::lang::Program::compile_kernel/taichi::lang::irpass::compile_to_offloads/taichi::lang::irpass::full_simplify/taichi::lang::irpass::simplify",64,0.000393,6.14062e-06,0
"47884","[Profiler thread 47884]/taichi::lang::Program::compile_kernel/taichi::lang::irpass::compile_to_offloads/taichi::lang::irpass::full_simplify/taichi::lang::irpass::whole_kernel_cse",32,0.006868,0.000214625,0
"47884","[Profiler thread 47884]/taichi::lang::Program::compile_kernel/taichi::lang::irpass::compile_to_offloads/taichi::lang::irpass::full_simplify/taichi::lang::irpass::whole_kernel_cse/taichi::lang::irpass::replace_all_usages_with",98,0.000111,1.13265e-06,0
"47884","[Profiler thread 47884]/taichi::lang::Program::compile_kernel/taichi::lang::irpass::compile_to_offloads/taichi::lang::irpass::full_simplify/taichi::lang::irpass::cfg_optimization",32,0.004337,0.000135531,0
"47884","[Profiler thread 47884]/taichi::lang::Program::compile_kernel/taichi::lang::irpass::compile_to_offloads/taichi::lang::irpass::full_simplify/taichi::lang::irpass::cfg_optimization/taichi::lang::ControlFlowGraph::store_to_load_forwarding",32,0.001214,3.79375e-05,0
"47884","[Profiler thread 47884]/taichi::lang::Program::compile_kernel/taichi::lang::irpass::compile_to_offloads/taichi::lang::irpass::full_simplify/taichi::lang::irpass::cfg_optimization/taichi::lang::ControlFlowGraph::store_to_load_forwarding/taichi::lang::ControlFlowGraph::reaching_definition_analysis",32,0.000944,2.95e-05,0
"47884","[Profiler thread 47884]/taichi::lang::Program::compile_kernel/taichi::lang::irpass::compile_to_offloads/taichi::lang::irpass::full_simplify/taichi::lang::irpass::cfg_optimization/taichi::lang::ControlFlowGraph::dead_store_elimination",32,0.00134,4.1875e-05,0
"47884","[Profiler thread 47884]/taichi::lang::Program::compile_kernel/taichi::lang::irpass::compile_to_offloads/taichi::lang::irpass::full_simplify/taichi::lang::irpass::cfg_optimization/taichi::lang::ControlFlowGraph::dead_store_elimination/taichi::lang::ControlFlowGraph::live_variable_analysis",32,0.000523,1.63437e-05,0
"47884","[Profiler thread 47884]/taichi::lang::Program::compile_kernel/taichi::lang::irpass::compile_to_offloads/taichi::lang::irpass::full_simplify/taichi::lang::irpass::cfg_optimization/taichi::lang::ControlFlowGraph::dead_store_elimination/taichi::lang::irpass::replace_all_usages_with",16,1.80001e-05,1.125e-06,0
"47884","[Profiler thread 47884]/taichi::lang::Program::compile_kernel/taichi::lang::irpass::compile_to_offloads/taichi::lang::irpass::full_simplify/taichi::lang::irpass::cfg_optimization/taichi::lang::irpass::die",32,0.00064,2e-05,0
"47884","[Profiler thread 47884]/taichi::lang::Program::compile_kernel/taichi::lang::irpass::compile_to_offloads/taichi::lang::irpass::handle_external_ptr_boundary",16,5.8e-05,3.625e-06,0
"47884","[Profiler thread 47884]/taichi::lang::Program::compile_kernel/taichi::lang::irpass::compile_to_offloads/taichi::lang::irpass::flag_access",32,8.2e-05,2.5625e-06,0
"47884","[Profiler thread 47884]/taichi::lang::Program::compile_kernel/taichi::lang::irpass::compile_to_offloads/taichi::lang::irpass::offload",16,0.003984,0.000249,0
"47884","[Profiler thread 47884]/taichi::lang::Program::compile_kernel/taichi::lang::irpass::compile_to_offloads/taichi::lang::irpass::offload/taichi::lang::irpass::replace_all_usages_with",16,2.4e-05,1.5e-06,0
"47884","[Profiler thread 47884]/taichi::lang::Program::compile_kernel/taichi::lang::irpass::compile_to_offloads/taichi::lang::irpass::offload/taichi::lang::irpass::type_check",32,0.00037,1.15625e-05,0
"47884","[Profiler thread 47884]/taichi::lang::Program::compile_kernel/taichi::lang::TaichiLLVMContext::get_this_thread_runtime_module",16,6.1e-05,3.8125e-06,0
"47884","[Profiler thread 47884]/taichi::lang::Program::compile_kernel/taichi::lang::TaichiLLVMContext::eliminate_unused_functions",16,0.001522,9.5125e-05,0
"47884","[Profiler thread 47884]/taichi::lang::Program::compile_kernel/taichi::lang::KernelCodeGenCPU::optimize_module",16,0.174883,0.0109302,0
"47884","[Profiler thread 47884]/taichi::lang::Program::compile_kernel/taichi::lang::KernelCodeGenCPU::optimize_module/llvm_module_opt_pipeline",16,0.168695,0.0105434,0
"47884","[Profiler thread 47884]/taichi::lang::LLVM::KernelLauncher::launch_kernel",16,0.13537,0.00846063,0
"47884","[Profiler thread 47884]/taichi::lang::LLVM::KernelLauncher::launch_kernel/register_llvm_kernel",16,0.133458,0.00834112,0
"47884","[Profiler thread 47884]/taichi::lang::LLVM::KernelLauncher::launch_kernel/launch_llvm_kernel",16,0.001642,0.000102625,0
"9040","[Profiler thread 9040]/taichi::lang::TaichiLLVMContext::get_this_thread_runtime_module",24,0.010238,0.000426583,0
"9040","[Profiler thread 9040]/taichi::lang::TaichiLLVMContext::get_this_thread_runtime_module/taichi::lang::LlvmModuleBitcodeLoader::load",1,0.010186,0.010186,0
"9040","[Profiler thread 9040]/taichi::lang::`anonymous-namespace'::TaskCodeGenCPU::TaskCodeGenCPU",8,8.99998e-06,1.125e-06,0
"9040","[Profiler thread 9040]/taichi::lang::irpass::offload_to_executable",8,0.021747,0.00271838,0
"9040","[Profiler thread 9040]/taichi::lang::irpass::offload_to_executable/taichi::lang::irpass::analysis::verify",88,0.002339,2.65795e-05,0
"9040","[Profiler thread 9040]/taichi::lang::irpass::offload_to_executable/taichi::lang::irpass::demote_atomics",16,0.000789,4.93125e-05,0
"9040","[Profiler thread 9040]/taichi::lang::irpass::offload_to_executable/taichi::lang::irpass::demote_atomics/taichi::lang::irpass::type_check",16,0.000204,1.275e-05,0
"9040","[Profiler thread 9040]/taichi::lang::irpass::offload_to_executable/taichi::lang::irpass::cache_loop_invariant_global_vars",8,0.000319,3.9875e-05,0
"9040","[Profiler thread 9040]/taichi::lang::irpass::offload_to_executable/taichi::lang::irpass::type_check",40,0.000484,1.21e-05,0
"9040","[Profiler thread 9040]/taichi::lang::irpass::offload_to_executable/taichi::lang::irpass::replace_all_usages_with",8,1.80001e-05,2.25001e-06,0
"9040","[Profiler thread 9040]/taichi::lang::irpass::offload_to_executable/taichi::lang::irpass::make_thread_local",8,0.000318,3.975e-05,0
"9040","[Profiler thread 9040]/taichi::lang::irpass::offload_to_executable/taichi::lang::irpass::make_thread_local/taichi::lang::irpass::type_check",8,9.5e-05,1.1875e-05,0
"9040","[Profiler thread 9040]/taichi::lang::irpass::offload_to_executable/taichi::lang::irpass::make_mesh_thread_local",8,0.000105,1.3125e-05,0
"9040","[Profiler thread 9040]/taichi::lang::irpass::offload_to_executable/taichi::lang::irpass::make_mesh_thread_local/taichi::lang::irpass::type_check",8,9.20001e-05,1.15e-05,0
"9040","[Profiler thread 9040]/taichi::lang::irpass::offload_to_executable/taichi::lang::irpass::demote_mesh_statements",8,0.000138,1.725e-05,0
"9040","[Profiler thread 9040]/taichi::lang::irpass::offload_to_executable/taichi::lang::irpass::demote_mesh_statements/taichi::lang::irpass::type_check",8,9.4e-05,1.175e-05,0
"9040","[Profiler thread 9040]/taichi::lang::irpass::offload_to_executable/taichi::lang::irpass::remove_range_assumption",8,3.3e-05,4.125e-06,0
"9040","[Profiler thread 9040]/taichi::lang::irpass::offload_to_executable/taichi::lang::irpass::remove_loop_unique",8,3.4e-05,4.25e-06,0
"9040","[Profiler thread 9040]/taichi::lang::irpass::offload_to_executable/taichi::lang::irpass::full_simplify",16,0.014365,0.000897812,0
"9040","[Profiler thread 9040]/taichi::lang::irpass::offload_to_executable/taichi::lang::irpass::full_simplify/taichi::lang::irpass::extract_constant",40,0.000312,7.8e-06,0
"9040","[Profiler thread 9040]/taichi::lang::irpass::offload_to_executable/taichi::lang::irpass::full_simplify/taichi::lang::irpass::unreachable_code_elimination",40,0.000102,2.55e-06,0
"9040","[Profiler thread 9040]/taichi::lang::irpass::offload_to_executable/taichi::lang::irpass::full_simplify/taichi::lang::irpass::binary_op_simplify",40,0.000376,9.4e-06,0
"9040","[Profiler thread 9040]/taichi::lang::irpass::offload_to_executable/taichi::lang::irpass::full_simplify/taichi::lang::irpass::binary_op_simplify/taichi::lang::irpass::replace_all_usages_with",8,1.8e-05,2.25e-06,0
"9040","[Profiler thread 9040]/taichi::lang::irpass::offload_to_executable/taichi::lang::irpass::full_simplify/taichi::lang::irpass::constant_fold",40,0.00057,1.425e-05,0
"9040","[Profiler thread 9040]/taichi::lang::irpass::offload_to_executable/taichi::lang::irpass::full_simplify/taichi::lang::irpass::constant_fold/taichi::lang::irpass::replace_all_usages_with",64,8.3e-05,1.29687e-06,0
"9040","[Profiler thread 9040]/taichi::lang::irpass::offload_to_executable/taichi::lang::irpass::full_simplify/taichi::lang::irpass::die",120,0.004204,3.50333e-05,0
"9040","[Profiler thread 9040]/taichi::lang::irpass::offload_to_executable/taichi::lang::irpass::full_simplify/taichi::lang::irpass::alg_simp",40,0.001152,2.88e-05,0
"9040","[Profiler thread 9040]/taichi::lang::irpass::offload_to_executable/taichi::lang::irpass::full_simplify/taichi::lang::irpass::alg_simp/taichi::lang::irpass::replace_all_usages_with",64,7.4e-05,1.15625e-06,0
"9040","[Profiler thread 9040]/taichi::lang::irpass::offload_to_executable/taichi::lang::irpass::full_simplify/taichi::lang::irpass::loop_invariant_code_motion",16,0.000157,9.8125e-06,0
"9040","[Profiler thread 9040]/taichi::lang::irpass::offload_to_executable/taichi::lang::irpass::full_simplify/taichi::lang::irpass::simplify",40,0.000846,2.115e-05,0
"9040","[Profiler thread 9040]/taichi::lang::irpass::offload_to_executable/taichi::lang::irpass::full_simplify/taichi::lang::irpass::simplify/taichi::lang::irpass::replace_all_usages_with",32,3.49999e-05,1.09375e-06,0
"9040","[Profiler thread 9040]/taichi::lang::irpass::offload_to_executable/taichi::lang::irpass::full_simplify/taichi::lang::irpass::simplify/taichi::lang::irpass::type_check",32,0.000305,9.53125e-06,0
"9040","[Profiler thread 9040]/taichi::lang::irpass::offload_to_executable/taichi::lang::irpass::full_simplify/taichi::lang::irpass::whole_kernel_cse",16,0.004308,0.00026925,0
"9040","[Profiler thread 9040]/taichi::lang::irpass::offload_to_executable/taichi::lang::irpass::full_simplify/taichi::lang::irpass::whole_kernel_cse/taichi::lang::irpass::replace_all_usages_with",88,0.000108,1.22727e-06,0
"9040","[Profiler thread 9040]/taichi::lang::irpass::offload_to_executable/taichi::lang::irpass::full_simplify/taichi::lang::irpass::cfg_optimization",16,0.002032,0.000127,0
"9040","[Profiler thread 9040]/taichi::lang::irpass::offload_to_executable/taichi::lang::irpass::full_simplify/taichi::lang::irpass::cfg_optimization/taichi::lang::ControlFlowGraph::store_to_load_forwarding",16,0.00044,2.75e-05,0
"9040","[Profiler thread 9040]/taichi::lang::irpass::offload_to_executable/taichi::lang::irpass::full_simplify/taichi::lang::irpass::cfg_optimization/taichi::lang::ControlFlowGraph::store_to_load_forwarding/taichi::lang::ControlFlowGraph::reaching_definition_analysis",16,0.000341,2.13125e-05,0
"9040","[Profiler thread 9040]/taichi::lang::irpass::offload_to_executable/taichi::lang::irpass::full_simplify/taichi::lang::irpass::cfg_optimization/taichi::lang::ControlFlowGraph::dead_store_elimination",16,0.00064,4e-05,0
"9040","[Profiler thread 9040]/taichi::lang::irpass::offload_to_executable/taichi::lang::irpass::full_simplify/taichi::lang::irpass::cfg_optimization/taichi::lang::ControlFlowGraph::dead_store_elimination/taichi::lang::ControlFlowGraph::live_variable_analysis",16,0.000249,1.55625e-05,0
"9040","[Profiler thread 9040]/taichi::lang::irpass::offload_to_executable/taichi::lang::irpass::full_simplify/taichi::lang::irpass::cfg_optimization/taichi::lang::irpass::die",16,0.0004,2.5e-05,0
"9040","[Profiler thread 9040]/taichi::lang::irpass::offload_to_executable/taichi::lang::irpass::die",8,0.000277,3.4625e-05,0
"9040","[Profiler thread 9040]/taichi::lang::irpass::offload_to_executable/taichi::lang::irpass::flag_access",8,2.4e-05,3e-06,0
"9040","[Profiler thread 9040]/taichi::lang::irpass::offload_to_executable/taichi::lang::irpass::demote_operations",8,0.000545,6.8125e-05,0
"9040","[Profiler thread 9040]/taichi::lang::irpass::offload_to_executable/taichi::lang::irpass::demote_operations/taichi::lang::irpass::replace_all_usages_with",16,2.50001e-05,1.5625e-06,0
"9040","[Profiler thread 9040]/taichi::lang::irpass::offload_to_executable/taichi::lang::irpass::demote_operations/taichi::lang::irpass::type_check",16,0.000254,1.5875e-05,0
"9040","[Profiler thread 9040]/taichi::lang::irpass::offload_to_executable/taichi::lang::irpass::optimize_bit_struct_stores",8,0.000394,4.925e-05,0
"9040","[Profiler thread 9040]/taichi::lang::irpass::offload_to_executable/taichi::lang::irpass::optimize_bit_struct_stores/taichi::lang::irpass::die",8,0.000218,2.725e-05,0
"9040","[Profiler thread 9040]/taichi::lang::irpass::offload_to_executable/taichi::lang::irpass::scalarize",8,7.20001e-05,9.00001e-06,0
"9040","[Profiler thread 9040]/taichi::lang::TaskCodeGenLLVM::emit_to_module",8,0.002535,0.000316875,0
"9040","[Profiler thread 9040]/taichi::lang::TaskCodeGenLLVM::emit_to_module/taichi::lang::TaichiLLVMContext::get_this_thread_runtime_module",192,8.3e-05,4.32292e-07,0
"9040","[Profiler thread 9040]/taichi::lang::TaichiLLVMContext::eliminate_unused_functions",8,0.000458,5.725e-05,0
"17248","[Profiler thread 17248]/taichi::lang::TaichiLLVMContext::get_this_thread_runtime_module",3,0.010567,0.00352233,0
"17248","[Profiler thread 17248]/taichi::lang::TaichiLLVMContext::get_this_thread_runtime_module/taichi::lang::LlvmModuleBitcodeLoader::load",1,0.010532,0.010532,0
"17248","[Profiler thread 17248]/taichi::lang::`anonymous-namespace'::TaskCodeGenCPU::TaskCodeGenCPU",1,4e-06,4e-06,0
"17248","[Profiler thread 17248]/taichi::lang::irpass::offload_to_executable",1,0.00277,0.00277,0
"17248","[Profiler thread 17248]/taichi::lang::irpass::offload_to_executable/taichi::lang::irpass::analysis::verify",11,0.000279,2.53636e-05,0
"17248","[Profiler thread 17248]/taichi::lang::irpass::offload_to_executable/taichi::lang::irpass::demote_atomics",2,0.000115,5.75e-05,0
"17248","[Profiler thread 17248]/taichi::lang::irpass::offload_to_executable/taichi::lang::irpass::demote_atomics/taichi::lang::irpass::type_check",2,3e-05,1.5e-05,0
"17248","[Profiler thread 17248]/taichi::lang::irpass::offload_to_executable/taichi::lang::irpass::cache_loop_invariant_global_vars",1,4.7e-05,4.7e-05,0
"17248","[Profiler thread 17248]/taichi::lang::irpass::offload_to_executable/taichi::lang::irpass::type_check",5,6.4e-05,1.28e-05,0
"17248","[Profiler thread 17248]/taichi::lang::irpass::offload_to_executable/taichi::lang::irpass::replace_all_usages_with",1,2.99999e-06,2.99999e-06,0
"17248","[Profiler thread 17248]/taichi::lang::irpass::offload_to_executable/taichi::lang::irpass::make_thread_local",1,4e-05,4e-05,0
"17248","[Profiler thread 17248]/taichi::lang::irpass::offload_to_executable/taichi::lang::irpass::make_thread_local/taichi::lang::irpass::type_check",1,1.1e-05,1.1e-05,0
"17248","[Profiler thread 17248]/taichi::lang::irpass::offload_to_executable/taichi::lang::irpass::make_mesh_thread_local",1,1.2e-05,1.2e-05,0
"17248","[Profiler thread 17248]/taichi::lang::irpass::offload_to_executable/taichi::lang::irpass::make_mesh_thread_local/taichi::lang::irpass::type_check",1,1.1e-05,1.1e-05,0
"17248","[Profiler thread 17248]/taichi::lang::irpass::offload_to_executable/taichi::lang::irpass::demote_mesh_statements",1,1.7e-05,1.7e-05,0
"17248","[Profiler thread 17248]/taichi::lang::irpass::offload_to_executable/taichi::lang::irpass::demote_mesh_statements/taichi::lang::irpass::type_check",1,1.2e-05,1.2e-05,0
"17248","[Profiler thread 17248]/taichi::lang::irpass::offload_to_executable/taichi::lang::irpass::remove_range_assumption",1,4e-06,4e-06,0
"17248","[Profiler thread 17248]/taichi::lang::irpass::offload_to_executable/taichi::lang::irpass::remove_loop_unique",1,4e-06,4e-06,0
"17248","[Profiler thread 17248]/taichi::lang::irpass::offload_to_executable/taichi::lang::irpass::full_simplify",2,0.001787,0.0008935,0
"17248","[Profiler thread 17248]/taichi::lang::irpass::offload_to_executable/taichi::lang::irpass::full_simplify/taichi::lang::irpass::extract_constant",5,4e-05,7.99999e-06,0
"17248","[Profiler thread 17248]/taichi::lang::irpass::offload_to_executable/taichi::lang::irpass::full_simplify/taichi::lang::irpass::unreachable_code_elimination",5,1.3e-05,2.59999e-06,0
"17248","[Profiler thread 17248]/taichi::lang::irpass::offload_to_executable/taichi::lang::irpass::full_simplify/taichi::lang::irpass::binary_op_simplify",5,4.4e-05,8.8e-06,0
"17248","[Profiler thread 17248]/taichi::lang::irpass::offload_to_executable/taichi::lang::irpass::full_simplify/taichi::lang::irpass::binary_op_simplify/taichi::lang::irpass::replace_all_usages_with",1,1.99999e-06,1.99999e-06,0
"17248","[Profiler thread 17248]/taichi::lang::irpass::offload_to_executable/taichi::lang::irpass::full_simplify/taichi::lang::irpass::constant_fold",5,7.9e-05,1.58e-05,0
"17248","[Profiler thread 17248]/taichi::lang::irpass::offload_to_executable/taichi::lang::irpass::full_simplify/taichi::lang::irpass::constant_fold/taichi::lang::irpass::replace_all_usages_with",8,1e-05,1.25e-06,0
"17248","[Profiler thread 17248]/taichi::lang::irpass::offload_to_executable/taichi::lang::irpass::full_simplify/taichi::lang::irpass::die",15,0.000515,3.43333e-05,0
"17248","[Profiler thread 17248]/taichi::lang::irpass::offload_to_executable/taichi::lang::irpass::full_simplify/taichi::lang::irpass::alg_simp",5,0.000131,2.62e-05,0
"17248","[Profiler thread 17248]/taichi::lang::irpass::offload_to_executable/taichi::lang::irpass::full_simplify/taichi::lang::irpass::alg_simp/taichi::lang::irpass::replace_all_usages_with",8,9.00001e-06,1.125e-06,0
"17248","[Profiler thread 17248]/taichi::lang::irpass::offload_to_executable/taichi::lang::irpass::full_simplify/taichi::lang::irpass::loop_invariant_code_motion",2,2e-05,9.99999e-06,0
"17248","[Profiler thread 17248]/taichi::lang::irpass::offload_to_executable/taichi::lang::irpass::full_simplify/taichi::lang::irpass::simplify",5,0.000107,2.14e-05,0
"17248","[Profiler thread 17248]/taichi::lang::irpass::offload_to_executable/taichi::lang::irpass::full_simplify/taichi::lang::irpass::simplify/taichi::lang::irpass::replace_all_usages_with",4,4.99998e-06,1.24999e-06,0
"17248","[Profiler thread 17248]/taichi::lang::irpass::offload_to_executable/taichi::lang::irpass::full_simplify/taichi::lang::irpass::simplify/taichi::lang::irpass::type_check",4,4e-05,1e-05,0
"17248","[Profiler thread 17248]/taichi::lang::irpass::offload_to_executable/taichi::lang::irpass::full_simplify/taichi::lang::irpass::whole_kernel_cse",2,0.000533,0.0002665,0
"17248","[Profiler thread 17248]/taichi::lang::irpass::offload_to_executable/taichi::lang::irpass::full_simplify/taichi::lang::irpass::whole_kernel_cse/taichi::lang::irpass::replace_all_usages_with",11,1.3e-05,1.18182e-06,0
"17248","[Profiler thread 17248]/taichi::lang::irpass::offload_to_executable/taichi::lang::irpass::full_simplify/taichi::lang::irpass::cfg_optimization",2,0.000266,0.000133,0
"17248","[Profiler thread 17248]/taichi::lang::irpass::offload_to_executable/taichi::lang::irpass::full_simplify/taichi::lang::irpass::cfg_optimization/taichi::lang::ControlFlowGraph::store_to_load_forwarding",2,5.9e-05,2.95e-05,0
"17248","[Profiler thread 17248]/taichi::lang::irpass::offload_to_executable/taichi::lang::irpass::full_simplify/taichi::lang::irpass::cfg_optimization/taichi::lang::ControlFlowGraph::store_to_load_forwarding/taichi::lang::ControlFlowGraph::reaching_definition_analysis",2,4.8e-05,2.4e-05,0
"17248","[Profiler thread 17248]/taichi::lang::irpass::offload_to_executable/taichi::lang::irpass::full_simplify/taichi::lang::irpass::cfg_optimization/taichi::lang::ControlFlowGraph::dead_store_elimination",2,8.1e-05,4.05e-05,0
"17248","[Profiler thread 17248]/taichi::lang::irpass::offload_to_executable/taichi::lang::irpass::full_simplify/taichi::lang::irpass::cfg_optimization/taichi::lang::ControlFlowGraph::dead_store_elimination/taichi::lang::ControlFlowGraph::live_variable_analysis",2,3.1e-05,1.55e-05,0
"17248","[Profiler thread 17248]/taichi::lang::irpass::offload_to_executable/taichi::lang::irpass::full_simplify/taichi::lang::irpass::cfg_optimization/taichi::lang::irpass::die",2,4.9e-05,2.45e-05,0
"17248","[Profiler thread 17248]/taichi::lang::irpass::offload_to_executable/taichi::lang::irpass::die",1,3.8e-05,3.8e-05,0
"17248","[Profiler thread 17248]/taichi::lang::irpass::offload_to_executable/taichi::lang::irpass::flag_access",1,4e-06,4e-06,0
"17248","[Profiler thread 17248]/taichi::lang::irpass::offload_to_executable/taichi::lang::irpass::demote_operations",1,7.2e-05,7.2e-05,0
"17248","[Profiler thread 17248]/taichi::lang::irpass::offload_to_executable/taichi::lang::irpass::demote_operations/taichi::lang::irpass::replace_all_usages_with",2,3.00002e-06,1.50001e-06,0
"17248","[Profiler thread 17248]/taichi::lang::irpass::offload_to_executable/taichi::lang::irpass::demote_operations/taichi::lang::irpass::type_check",2,3.2e-05,1.6e-05,0
"17248","[Profiler thread 17248]/taichi::lang::irpass::offload_to_executable/taichi::lang::irpass::optimize_bit_struct_stores",1,5.3e-05,5.3e-05,0
"17248","[Profiler thread 17248]/taichi::lang::irpass::offload_to_executable/taichi::lang::irpass::optimize_bit_struct_stores/taichi::lang::irpass::die",1,2.8e-05,2.8e-05,0
"17248","[Profiler thread 17248]/taichi::lang::irpass::offload_to_executable/taichi::lang::irpass::scalarize",1,9.00001e-06,9.00001e-06,0
"17248","[Profiler thread 17248]/taichi::lang::TaskCodeGenLLVM::emit_to_module",1,0.000286,0.000286,0
"17248","[Profiler thread 17248]/taichi::lang::TaskCodeGenLLVM::emit_to_module/taichi::lang::TaichiLLVMContext::get_this_thread_runtime_module",24,1.1e-05,4.58333e-07,0
"17248","[Profiler thread 17248]/taichi::lang::TaichiLLVMContext::eliminate_unused_functions",1,4.6e-05,4.6e-05,0
